-- phpMyAdmin SQL Dump
-- version 5.2.0
-- https://www.phpmyadmin.net/
--
-- Хост: 127.0.0.1:3306
-- Время создания: Май 26 2026 г., 22:56
-- Версия сервера: 8.0.30
-- Версия PHP: 8.1.9

SET SQL_MODE = "NO_AUTO_VALUE_ON_ZERO";
START TRANSACTION;
SET time_zone = "+00:00";


/*!40101 SET @OLD_CHARACTER_SET_CLIENT=@@CHARACTER_SET_CLIENT */;
/*!40101 SET @OLD_CHARACTER_SET_RESULTS=@@CHARACTER_SET_RESULTS */;
/*!40101 SET @OLD_COLLATION_CONNECTION=@@COLLATION_CONNECTION */;
/*!40101 SET NAMES utf8mb4 */;

--
-- База данных: `rock-bakery`
--

-- --------------------------------------------------------

--
-- Структура таблицы `booking`
--

CREATE TABLE `booking` (
  `ID_booking` int NOT NULL,
  `ID_user` int DEFAULT NULL,
  `Name` varchar(100) CHARACTER SET utf8mb4 COLLATE utf8mb4_general_ci NOT NULL,
  `Phone` varchar(20) CHARACTER SET utf8mb4 COLLATE utf8mb4_general_ci DEFAULT NULL,
  `Booking_date` date NOT NULL,
  `Booking_time` time NOT NULL,
  `Guests` int NOT NULL,
  `ID_table` int DEFAULT NULL,
  `Comment` text COLLATE utf8mb4_general_ci,
  `Status` enum('created','confirmed','cancelled') CHARACTER SET utf8mb4 COLLATE utf8mb4_general_ci NOT NULL
) ENGINE=InnoDB DEFAULT CHARSET=utf8mb4 COLLATE=utf8mb4_general_ci;

--
-- Дамп данных таблицы `booking`
--

INSERT INTO `booking` (`ID_booking`, `ID_user`, `Name`, `Phone`, `Booking_date`, `Booking_time`, `Guests`, `ID_table`, `Comment`, `Status`) VALUES
(8, 2, 'Татьяна', '+7 (906) 778-54-74', '2026-02-28', '14:30:00', 7, NULL, 'нет', 'cancelled'),
(9, NULL, 'Татьяна', '+7 (779) 067-96-81', '2026-03-16', '14:30:00', 5, NULL, 'Будет празднование дня рождения. Хотелось бы соответствующее обслуживание', 'confirmed'),
(10, NULL, 'Татьяна', '+7 (906) 796-81-71', '2026-03-10', '14:40:00', 4, NULL, NULL, 'confirmed'),
(11, NULL, 'Татьяна', '+7 (905) 575-58-84', '2026-02-28', '14:40:00', 3, NULL, '', 'created'),
(12, 2, 'Анна-Мария Рейнсберг', '+7 (906) 787-95-54', '2026-03-14', '16:00:00', 4, NULL, '-', 'cancelled'),
(13, NULL, 'Виктор Цой', '+7 (900) 686-57-74', '2026-03-01', '14:40:00', 6, NULL, '', 'cancelled'),
(14, 2, 'Анна-Мария Рейнсберг', '+7 (905) 536-57-78', '2026-02-28', '17:20:00', 6, NULL, 'Непереносимость лактозы', 'cancelled'),
(15, 2, 'Анна-Мария Рейнсберг', '+7 (968) 554-71-23', '2026-03-01', '17:00:00', 9, NULL, '', 'cancelled'),
(16, NULL, 'Антон', '+7 (968) 789-94-75', '2026-03-12', '18:25:00', 2, NULL, '', 'created'),
(17, NULL, 'Борис', '+7 (905) 774-85-77', '2026-03-01', '14:20:00', 3, NULL, '', 'created'),
(18, NULL, 'Василий', '+7 (963) 774-85-95', '2026-02-24', '17:00:00', 1, NULL, '', 'created'),
(19, NULL, 'Татьяна Беликова', '+7 (977) 877-37-29', '2026-03-14', '18:30:00', 6, NULL, '', 'cancelled'),
(20, NULL, 'Татьяна Беликова', '+7 (905) 575-32-26', '2026-03-01', '14:00:00', 4, NULL, '', 'cancelled'),
(21, NULL, 'Татьяна Беликова', '+7 (906) 557-48-84', '2026-03-17', '20:00:00', 6, NULL, 'Хотелось бы столик у окна', 'cancelled'),
(22, 2, 'Анна-Мария Рейнсберг', '+7 (906) 588-74-45', '2026-02-22', '14:30:00', 7, NULL, '', 'cancelled'),
(23, 2, 'Анна-Мария Рейнсберг', '+7 (905) 774-85-54', '2026-02-20', '12:35:00', 5, NULL, '', 'confirmed'),
(24, NULL, 'Виктор Цой', '+7 (905) 744-85-54', '2026-02-20', '13:00:00', 9, NULL, NULL, 'confirmed'),
(25, 2, 'Анна-Мария Рейнсберг', '+7 (987) 748-54-47', '2026-02-25', '11:30:00', 9, NULL, 'Хотелось бы столик у окна', 'created'),
(26, NULL, 'Виктор Цой', '+7 (790) 335-78-44', '2026-02-20', '13:15:00', 2, NULL, '-', 'cancelled'),
(27, NULL, 'Феофан', '+7 (905) 575-87-74', '2026-03-14', '10:00:00', 2, NULL, NULL, 'created'),
(28, 6, 'Мадина довутиева', '+7 (325) 414-25-55', '2026-02-26', '15:32:00', 10, NULL, 'vbn', 'created'),
(29, 13, 'Дарина Турбина', '+7 (977) 855-74-54', '2026-04-10', '11:30:00', 6, NULL, '', 'created'),
(30, 13, 'Дарина Турбина', '+7 (901) 441-20-25', '2026-04-11', '17:00:00', 1, NULL, '', 'created'),
(31, 14, 'Анна Иванова', '+7 (906) 785-74-47', '2026-05-16', '14:00:00', 2, NULL, '-', 'cancelled'),
(32, 15, 'Виктория Карасёва', '+7 (905) 777-84-74', '2026-05-20', '14:30:00', 3, NULL, '', 'created'),
(33, NULL, 'Ирина', '+7 (905) 565-74-85', '2026-05-22', '17:00:00', 7, NULL, '-', 'created'),
(34, 16, 'Зинаида Карельская', '+7 (905) 574-84-47', '2026-05-25', '14:30:00', 7, NULL, '', 'confirmed'),
(35, NULL, 'Тестовый пользователь', '+79991234567', '2026-05-23', '18:00:00', 2, 1, 'Тестовый комментарий', 'created'),
(36, NULL, 'Татьяна', '+7 (906) 796-81-71', '2026-05-25', '18:30:00', 4, NULL, '', 'created'),
(39, NULL, 'Тест', '+79991234567', '2026-05-22', '18:00:00', 2, 1, 'Тест', 'created'),
(43, 16, 'Зинаида Карельская', '+7 (906) 748-54-74', '2026-05-26', '18:30:00', 4, 8, '', 'created'),
(44, 17, 'Ирина Рудова', '+7 (906) 796-81-71', '2026-05-25', '18:03:00', 4, 2, '', 'created'),
(45, 17, 'Ирина Рудова', '+7 (903) 524-74-18', '2026-05-23', '19:30:00', 1, 14, '', 'created'),
(46, 17, 'Ирина Рудова', '+7 (555) 774-81-44', '2026-05-23', '19:30:00', 5, 3, '', 'created'),
(47, 17, 'Ирина Рудова', '+7 (905) 748-54-74', '2026-05-25', '18:30:00', 1, 19, '', 'created'),
(92, NULL, 'Татьяна', '+7 (905) 748-47-15', '2026-05-28', '16:00:00', 4, 2, '', 'created'),
(94, NULL, 'татьяна', '+7 (906) 796-81-71', '2026-05-31', '18:45:00', 5, 1, '', 'created'),
(95, 47, 'Татьяна Беликова', '+7 (906) 796-81-71', '2026-05-31', '18:10:00', 1, 16, '', 'created'),
(96, 18, 'Василий Иванов', '+7 (905) 632-47-14', '2026-05-30', '14:30:00', 5, 9, '', 'cancelled');

-- --------------------------------------------------------

--
-- Структура таблицы `email_verifications`
--

CREATE TABLE `email_verifications` (
  `id` int NOT NULL,
  `email` varchar(255) NOT NULL,
  `token` varchar(255) NOT NULL,
  `expires_at` datetime NOT NULL,
  `created_at` timestamp NOT NULL DEFAULT CURRENT_TIMESTAMP
) ENGINE=InnoDB DEFAULT CHARSET=utf8mb4 COLLATE=utf8mb4_0900_ai_ci;

--
-- Дамп данных таблицы `email_verifications`
--

INSERT INTO `email_verifications` (`id`, `email`, `token`, `expires_at`, `created_at`) VALUES
(1, 'tanya.v.belikova@gmail.com', 'dd87557cc414a565f709f3aa566522e44a8d588e5386e48b2796e4c753fdadc3', '2026-05-23 23:59:19', '2026-05-22 20:59:19'),
(2, 'tanya.v.belikova@gmail.com', '6314d4b77b0d2e6885cc0abc5f35af4366f7a0f040757a9346e5070d54bdc800', '2026-05-23 23:59:20', '2026-05-22 20:59:20'),
(3, 'tanya.v.belikova@gmail.com', '6aacb3b8858ed70aa9418c0388af94941eaebad846e97e6b4236bb591e1be1c6', '2026-05-24 00:01:15', '2026-05-22 21:01:15'),
(4, 'tanya.v.belikova@gmail.com', '7b07e1c47f6fad5e32261626e82883c08244452f2205bd7100856c3eb701929f', '2026-05-24 00:01:19', '2026-05-22 21:01:19'),
(5, 'tanya.v.belikova@gmail.com', '0aec04af56bb286b9b690e46c135d851d1532e4a395700225b9fef9f1f5188de', '2026-05-24 00:04:33', '2026-05-22 21:04:33'),
(7, 'tanechka-belikova@yandex.ru', '4ecf3bd910f866c72f6f6d8f1330c61296f19b72acb065891a7b86cc0b84127c', '2026-05-25 19:57:00', '2026-05-24 16:57:00'),
(8, 'tanechka-belikova@yandex.ru', '3d0ed5dad19fdaf89bf56d5d57d27821286e95b172020990ae104d08fe6f0bc3', '2026-05-25 19:57:06', '2026-05-24 16:57:06'),
(9, 'tanechka-belikova@yandex.ru', '1d96f95e5414b087b0a12d8f4722ce4ede8b70ef38da5240528214795690d9a3', '2026-05-25 19:57:14', '2026-05-24 16:57:14'),
(10, 'tanechka-belikova@yandex.ru', '2508b3fde754af2d4412b81449df33f0fb6d3a0245133d8e3c40145867dcb94b', '2026-05-25 19:57:16', '2026-05-24 16:57:16'),
(11, 'tanechka-belikova@yandex.ru', '73794beb797fc6de7d65d853bb71b9fcc36cab6f17da2b02e1b370bbf962dd90', '2026-05-25 19:57:22', '2026-05-24 16:57:22'),
(12, 'tanechka-belikova@yandex.ru', 'ee1f332af3ae52b2e7b24ee18a1bec3add4487373f0891cefe69515155a51e61', '2026-05-25 19:57:30', '2026-05-24 16:57:30'),
(15, 'belikovaat@yandex.ru', 'c1236fb110000d0a281ad099bd94d9c1759bb0d8fe8aaa0fee9c47fdda59c7f6', '2026-05-27 13:00:46', '2026-05-26 10:00:46'),
(16, 'belikovaat@yandex.ru', 'ea838ab13b1a651be4fae6b77864258cedde3034be2bba50667fd6e886857295', '2026-05-27 13:00:50', '2026-05-26 10:00:51'),
(17, 'belikovaat@yandex.ru', 'dab43a49425fe6f11f8036123fe8faa7e2f490d4624d7fd49b82d57aa916b890', '2026-05-27 13:00:57', '2026-05-26 10:00:57'),
(18, 'belikovaat@yandex.ru', 'ae633eaf332ae0ef1382c3f51135b0d62e8933b22774859f943fddf9e71d7945', '2026-05-27 13:01:02', '2026-05-26 10:01:02'),
(19, 'belikovaat@yandex.ru', '35f0efae5f150a9bca02de72a6c81fbad27e07500752d376ce4d43048ac55ffc', '2026-05-27 13:01:28', '2026-05-26 10:01:29'),
(20, 'belikovaat@yandex.ru', '91240b0dc97817e8cbee331999e4fe36d344d0bd5911b58a0fb2bcacaf89d8aa', '2026-05-27 13:01:32', '2026-05-26 10:01:32'),
(21, 'belikovaat@yandex.ru', '099c244607d3fc9853a66878bac18289274c8cf138fcf150d78c947c2f2ee11a', '2026-05-27 13:01:33', '2026-05-26 10:01:33'),
(22, 'belikovaat@yandex.ru', '3f88b43cf2370440bc06aa55969a862a46608dfcb112ceafbe8d38064aa115f6', '2026-05-27 13:01:43', '2026-05-26 10:01:43'),
(24, 'belikovaat@yandex.ru', '2fb566ee89da6ffce2dc380d919f2dd0c85a832258ae2df78ccbe4739388a377', '2026-05-27 13:09:50', '2026-05-26 10:09:50'),
(27, 'belikovsksya@mail.ru', '5b55854eb331e7e33a18b1a92e825c51515408a809c51927073029a496aaff55', '2026-05-27 16:58:16', '2026-05-26 13:58:17');

-- --------------------------------------------------------

--
-- Структура таблицы `feedback`
--

CREATE TABLE `feedback` (
  `id` int NOT NULL,
  `name` varchar(100) NOT NULL,
  `phone` varchar(20) DEFAULT NULL,
  `email` varchar(100) DEFAULT NULL,
  `message` text NOT NULL,
  `created_at` timestamp NOT NULL DEFAULT CURRENT_TIMESTAMP,
  `is_read` tinyint(1) DEFAULT '0'
) ENGINE=InnoDB DEFAULT CHARSET=utf8mb4 COLLATE=utf8mb4_0900_ai_ci;

--
-- Дамп данных таблицы `feedback`
--

INSERT INTO `feedback` (`id`, `name`, `phone`, `email`, `message`, `created_at`, `is_read`) VALUES
(2, 'Ирина', '+79064490404', 'rudovaya@mail.ru', 'qwertyuiop[', '2026-05-24 11:59:40', 0),
(3, 'test', '79991234567', '', 'test', '2026-05-24 14:13:33', 0),
(4, 'test', '79991234567', '', 'test', '2026-05-24 14:13:33', 0),
(5, 'test', '79991234567', '', 'test', '2026-05-24 14:13:33', 0),
(6, 'test', '79991234567', '', 'test', '2026-05-24 14:13:33', 0),
(7, 'test', '79991234567', '', 'test', '2026-05-24 14:13:33', 0),
(8, 'test', '79991234567', '', 'test', '2026-05-24 14:13:33', 0),
(9, 'test', '79991234567', '', 'test', '2026-05-24 14:13:33', 0),
(10, 'test', '79991234567', '', 'test', '2026-05-24 14:13:33', 0),
(11, 'test', '79991234567', '', 'test', '2026-05-24 14:13:33', 0),
(12, 'test', '79991234567', '', 'test', '2026-05-24 14:13:33', 0),
(13, 'test', '79991234567', '', 'test', '2026-05-24 14:13:33', 0),
(14, 'test', '79991234567', '', 'test', '2026-05-24 14:13:33', 0),
(15, 'test', '79991234567', '', 'test', '2026-05-24 14:13:33', 0),
(16, 'test', '79991234567', '', 'test', '2026-05-24 14:13:33', 0),
(17, 'test', '79991234567', '', 'test', '2026-05-24 14:13:33', 0),
(18, 'test', '79991234567', '', 'test', '2026-05-24 14:13:33', 0),
(19, 'test', '79991234567', '', 'test', '2026-05-24 14:13:33', 0),
(20, 'test', '79991234567', '', 'test', '2026-05-24 14:13:33', 0),
(21, 'test', '79991234567', '', 'test', '2026-05-24 14:13:33', 0),
(22, 'test', '79991234567', '', 'test', '2026-05-24 14:13:33', 0),
(23, 'test1', '79991234567', '', 'test', '2026-05-24 16:06:48', 0),
(24, 'test2', '79991234567', '', 'test', '2026-05-24 16:06:48', 0),
(25, 'test3', '79991234567', '', 'test', '2026-05-24 16:06:48', 0),
(26, 'test4', '79991234567', '', 'test', '2026-05-24 16:06:48', 0),
(27, 'test5', '79991234567', '', 'test', '2026-05-24 16:06:48', 0),
(28, 'test6', '79991234567', '', 'test', '2026-05-24 16:06:48', 0),
(29, 'test7', '79991234567', '', 'test', '2026-05-24 16:06:48', 0),
(30, 'test8', '79991234567', '', 'test', '2026-05-24 16:06:48', 0),
(31, 'test9', '79991234567', '', 'test', '2026-05-24 16:06:48', 0),
(32, 'test10', '79991234567', '', 'test', '2026-05-24 16:06:48', 0),
(33, 'test11', '79991234567', '', 'test', '2026-05-24 16:06:48', 0),
(34, 'test12', '79991234567', '', 'test', '2026-05-24 16:06:48', 0),
(35, 'test13', '79991234567', '', 'test', '2026-05-24 16:06:48', 0),
(36, 'test14', '79991234567', '', 'test', '2026-05-24 16:06:48', 0),
(37, 'test15', '79991234567', '', 'test', '2026-05-24 16:06:48', 0),
(38, 'test16', '79991234567', '', 'test', '2026-05-24 16:06:48', 0),
(39, 'test17', '79991234567', '', 'test', '2026-05-24 16:06:48', 0),
(40, 'test18', '79991234567', '', 'test', '2026-05-24 16:06:48', 0),
(41, 'test19', '79991234567', '', 'test', '2026-05-24 16:06:48', 0),
(42, 'test20', '79991234567', '', 'test', '2026-05-24 16:06:48', 0),
(43, 'bot', '79991234567', '', 'test', '2026-05-24 16:08:09', 0),
(44, 'bot', '79991234567', '', 'test', '2026-05-24 16:08:13', 0),
(45, 'bot', '79991234567', '', 'test', '2026-05-24 16:08:14', 0),
(46, 'Тест', '79991234567', '', 'Тестовое сообщение', '2026-05-24 16:08:15', 0),
(47, 'test1', '79991234567', '', 'test', '2026-05-24 16:08:21', 0),
(48, 'test2', '79991234567', '', 'test', '2026-05-24 16:08:21', 0),
(49, 'test3', '79991234567', '', 'test', '2026-05-24 16:08:21', 0),
(50, 'test4', '79991234567', '', 'test', '2026-05-24 16:08:21', 0),
(51, 'test5', '79991234567', '', 'test', '2026-05-24 16:08:21', 0),
(52, 'test6', '79991234567', '', 'test', '2026-05-24 16:08:21', 0),
(53, 'test7', '79991234567', '', 'test', '2026-05-24 16:08:21', 0),
(54, 'test8', '79991234567', '', 'test', '2026-05-24 16:08:21', 0),
(55, 'test9', '79991234567', '', 'test', '2026-05-24 16:08:21', 0),
(56, 'test10', '79991234567', '', 'test', '2026-05-24 16:08:21', 0),
(57, 'test11', '79991234567', '', 'test', '2026-05-24 16:08:21', 0),
(58, 'test12', '79991234567', '', 'test', '2026-05-24 16:08:21', 0),
(59, 'test13', '79991234567', '', 'test', '2026-05-24 16:08:21', 0),
(60, 'test14', '79991234567', '', 'test', '2026-05-24 16:08:21', 0),
(61, 'test15', '79991234567', '', 'test', '2026-05-24 16:08:21', 0),
(62, 'test16', '79991234567', '', 'test', '2026-05-24 16:08:21', 0),
(63, 'bot', '79991234567', '', 'test', '2026-05-24 16:13:50', 0),
(64, 'bot', '79991234567', '', 'test', '2026-05-24 16:13:51', 0),
(65, 'bot', '79991234567', '', 'test', '2026-05-24 16:13:52', 0),
(66, 'test', '79991234567', '', 'test', '2026-05-24 16:14:24', 0),
(67, 'test1', '79991234567', '', 'test', '2026-05-24 16:17:16', 0),
(68, 'test2', '79991234567', '', 'test', '2026-05-24 16:17:16', 0),
(69, 'test3', '79991234567', '', 'test', '2026-05-24 16:17:16', 0),
(70, 'test4', '79991234567', '', 'test', '2026-05-24 16:17:16', 0),
(71, 'test5', '79991234567', '', 'test', '2026-05-24 16:17:16', 0),
(72, 'test6', '79991234567', '', 'test', '2026-05-24 16:17:16', 0),
(73, 'test7', '79991234567', '', 'test', '2026-05-24 16:17:16', 0),
(74, 'test8', '79991234567', '', 'test', '2026-05-24 16:17:16', 0),
(75, 'test9', '79991234567', '', 'test', '2026-05-24 16:17:16', 0),
(76, 'test10', '79991234567', '', 'test', '2026-05-24 16:17:16', 0),
(77, 'test11', '79991234567', '', 'test', '2026-05-24 16:17:16', 0),
(78, 'test12', '79991234567', '', 'test', '2026-05-24 16:17:16', 0),
(79, 'test13', '79991234567', '', 'test', '2026-05-24 16:17:16', 0),
(80, 'test14', '79991234567', '', 'test', '2026-05-24 16:17:16', 0),
(81, 'test15', '79991234567', '', 'test', '2026-05-24 16:17:16', 0),
(82, 'test16', '79991234567', '', 'test', '2026-05-24 16:17:16', 0),
(83, 'test17', '79991234567', '', 'test', '2026-05-24 16:17:16', 0),
(84, 'test18', '79991234567', '', 'test', '2026-05-24 16:17:16', 0),
(85, 'test19', '79991234567', '', 'test', '2026-05-24 16:17:16', 0),
(86, 'test20', '79991234567', '', 'test', '2026-05-24 16:17:16', 0),
(87, 'test1', '79991234567', '', 'Тестовое сообщение 1', '2026-05-24 16:18:58', 0),
(88, 'test2', '79991234567', '', 'Тестовое сообщение 2', '2026-05-24 16:18:58', 0),
(89, 'test3', '79991234567', '', 'Тестовое сообщение 3', '2026-05-24 16:18:58', 0),
(90, 'test4', '79991234567', '', 'Тестовое сообщение 4', '2026-05-24 16:18:58', 0),
(91, 'test5', '79991234567', '', 'Тестовое сообщение 5', '2026-05-24 16:18:58', 0),
(92, 'test6', '79991234567', '', 'Тестовое сообщение 6', '2026-05-24 16:18:58', 0),
(93, 'test7', '79991234567', '', 'Тестовое сообщение 7', '2026-05-24 16:18:58', 0),
(94, 'test8', '79991234567', '', 'Тестовое сообщение 8', '2026-05-24 16:18:58', 0),
(95, 'test9', '79991234567', '', 'Тестовое сообщение 9', '2026-05-24 16:18:58', 0),
(96, 'test10', '79991234567', '', 'Тестовое сообщение 10', '2026-05-24 16:18:58', 0),
(97, 'test11', '79991234567', '', 'Тестовое сообщение 11', '2026-05-24 16:18:58', 0),
(98, 'test12', '79991234567', '', 'Тестовое сообщение 12', '2026-05-24 16:18:58', 0),
(99, 'test13', '79991234567', '', 'Тестовое сообщение 13', '2026-05-24 16:18:58', 0),
(100, 'test14', '79991234567', '', 'Тестовое сообщение 14', '2026-05-24 16:18:58', 0),
(101, 'test15', '79991234567', '', 'Тестовое сообщение 15', '2026-05-24 16:18:58', 0),
(102, 'test16', '79991234567', '', 'Тестовое сообщение 16', '2026-05-24 16:18:58', 0),
(103, 'test17', '79991234567', '', 'Тестовое сообщение 17', '2026-05-24 16:18:58', 0),
(104, 'test18', '79991234567', '', 'Тестовое сообщение 18', '2026-05-24 16:18:58', 0),
(105, 'test19', '79991234567', '', 'Тестовое сообщение 19', '2026-05-24 16:18:58', 0),
(106, 'test20', '79991234567', '', 'Тестовое сообщение 20', '2026-05-24 16:18:58', 0),
(107, 'Татьяна', '+79064490404', 'rudovaya@mail.ru', '142536', '2026-05-25 08:25:31', 0),
(108, 'Татьяна', '89067968171', 'belikovaat@yandex.ru', '---', '2026-05-26 09:32:39', 0),
(109, 'Татьяна', '+7 (906) 796-81-71', 'belikovaat@yandex.ru', '---', '2026-05-26 09:39:45', 0),
(110, 'Татьяна', '+7 (906) 798-47-14', 'belikovaat@yandex.ru', '---', '2026-05-26 09:42:13', 0),
(111, 'Татьяна', '+7 (906) 796-81-71', 'belikovaat@yandex.ru', '---', '2026-05-26 10:38:48', 0),
(112, 'Татьяна', '+7 (906) 796-81-71', 'belikovaat@yandex.ru', '---', '2026-05-26 10:52:40', 0),
(113, 'Татьяна', '+7 (906) 796-81-71', 'belikovaat@yandex.ru', '---', '2026-05-26 11:00:58', 1);

-- --------------------------------------------------------

--
-- Структура таблицы `limited_vinyl`
--

CREATE TABLE `limited_vinyl` (
  `id` int NOT NULL,
  `title` varchar(255) CHARACTER SET utf8mb4 COLLATE utf8mb4_general_ci NOT NULL,
  `description` text CHARACTER SET utf8mb4 COLLATE utf8mb4_general_ci NOT NULL,
  `price` decimal(10,2) NOT NULL,
  `image` varchar(255) CHARACTER SET utf8mb4 COLLATE utf8mb4_general_ci NOT NULL,
  `start_date` datetime NOT NULL,
  `end_date` datetime NOT NULL,
  `is_active` tinyint(1) DEFAULT '1',
  `sort_order` int DEFAULT '0',
  `created_at` timestamp NOT NULL DEFAULT CURRENT_TIMESTAMP,
  `updated_at` timestamp NOT NULL DEFAULT CURRENT_TIMESTAMP ON UPDATE CURRENT_TIMESTAMP
) ENGINE=InnoDB DEFAULT CHARSET=utf8mb4 COLLATE=utf8mb4_general_ci;

--
-- Дамп данных таблицы `limited_vinyl`
--

INSERT INTO `limited_vinyl` (`id`, `title`, `description`, `price`, `image`, `start_date`, `end_date`, `is_active`, `sort_order`, `created_at`, `updated_at`) VALUES
(1, 'Группа Кино: Черный Альбом', '«Чёрный альбом» — девятый и последний студийный альбом группы «Кино», записанный в 1990 году. Черновой вариант был создан В. Цоем и Ю. Каспаряном в латвийском посёлке Плиеньциемс незадолго до трагической гибели лидера группы. Окончательную доработку завершили другие участники группы. Альбом был признан лучшим альбомом 1990 года. Переиздание 2012 года от Moroz Records — коллекционное издание, которое оценят как давние поклонники группы, так и новые слушатели.', '4500.00', 'KINO.jpg', '2026-05-26 00:00:00', '2026-06-02 00:00:00', 1, 1, '2026-05-20 19:35:39', '2026-05-25 21:43:42'),
(2, 'The Beatles: Blue Album', '«1967–1970», известный как Blue Album, — культовый сборник хитов The Beatles, охватывающий самый зрелый период творчества группы. Альбом был создан по инициативе менеджера Apple Records, и включает ключевые композиции эпохи психоделического рока и студийных инноваций. Переиздание 2023 года — ремастированная версия с улучшенным звуком, созданная с применением технологии Half‑Speed Mastering в легендарной студии Abbey Road.', '7800.00', 'thebeatles.jpg', '2026-05-26 00:00:00', '2026-06-02 00:00:00', 1, 2, '2026-05-20 19:35:39', '2026-05-25 21:44:17'),
(3, 'Metallica: In the city of brotherly love', 'In the City of Brotherly Love — живое выступление культовой американской рок‑группы Metallica в Electric Factory, записанное 23 ноября 1998 года для прямой FM‑трансляции по всей Пенсильвании. Концерт прошёл спустя год после выхода альбома Reload (1997) и стал одним из самых ярких событий тура в поддержку сборника каверов Garage Inc. (1998). Сет‑лист состоит преимущественно из композиций с этого альбома — любимых фанатами кавер‑версий и треков с EP Garage Days Revisited.', '10650.00', 'METALLICA.jpg', '2026-05-26 00:00:00', '2026-06-02 00:00:00', 1, 3, '2026-05-20 19:35:39', '2026-05-25 21:45:07');

-- --------------------------------------------------------

--
-- Структура таблицы `pre_orders`
--

CREATE TABLE `pre_orders` (
  `ID_pre_order` int NOT NULL,
  `ID_user` int NOT NULL,
  `Order_number` varchar(50) NOT NULL,
  `Status` enum('new','confirmed','completed','cancelled') DEFAULT 'new',
  `Delivery_method` enum('pickup','delivery') DEFAULT 'pickup',
  `Pickup_date` date DEFAULT NULL,
  `Pickup_time` time DEFAULT NULL,
  `Total_amount` decimal(10,2) NOT NULL,
  `Created_at` timestamp NULL DEFAULT CURRENT_TIMESTAMP
) ENGINE=InnoDB DEFAULT CHARSET=utf8mb4 COLLATE=utf8mb4_0900_ai_ci;

--
-- Дамп данных таблицы `pre_orders`
--

INSERT INTO `pre_orders` (`ID_pre_order`, `ID_user`, `Order_number`, `Status`, `Delivery_method`, `Pickup_date`, `Pickup_time`, `Total_amount`, `Created_at`) VALUES
(6, 2, 'PO-20260222-6828', 'new', 'pickup', '2026-03-14', '11:00:00', '1680.00', '2026-02-22 17:57:30'),
(7, 2, 'PO-20260222-8444', 'confirmed', 'pickup', '2026-02-23', '17:00:00', '1320.00', '2026-02-22 18:29:24'),
(9, 6, 'PO-20260224-4622', 'new', 'pickup', '2026-02-24', '14:30:00', '450.00', '2026-02-24 07:46:35'),
(10, 10, 'PO-20260330-4973', 'new', 'pickup', '2026-04-14', '14:30:00', '2070.00', '2026-03-30 15:19:40'),
(11, 13, 'PO-20260407-7368', 'new', 'pickup', '2026-04-10', '12:00:00', '4400.00', '2026-04-07 06:27:00'),
(12, 14, 'PO-20260511-2024', 'new', 'pickup', '2026-05-17', '11:00:00', '1090.00', '2026-05-11 17:07:17'),
(13, 14, 'PO-20260511-5151', 'new', 'pickup', '2026-05-17', '10:00:00', '670.00', '2026-05-11 18:57:19'),
(14, 14, 'PO-20260511-1181', 'new', 'pickup', '2026-05-17', '15:30:00', '1450.00', '2026-05-11 19:32:18'),
(15, 14, 'PO-20260511-8627', 'new', 'pickup', '2026-05-12', '13:00:00', '2520.00', '2026-05-11 19:34:04'),
(16, 14, 'PO-20260515-3596', 'new', 'pickup', '2026-05-20', '17:00:00', '1850.00', '2026-05-15 14:21:47'),
(17, 16, 'PO-20260520-7465', 'completed', 'pickup', '2026-06-14', '14:00:00', '1300.00', '2026-05-20 11:48:57'),
(18, 9, 'PO-20260522-2957', 'new', 'pickup', '2026-05-23', '10:00:00', '1160.00', '2026-05-21 23:40:21'),
(19, 16, 'PO-20260525-8401', 'completed', 'pickup', '2026-07-03', '14:30:00', '6250.00', '2026-05-25 17:07:28'),
(20, 47, 'PO-20260526-3986', 'new', 'pickup', '2026-05-30', '14:30:00', '2050.00', '2026-05-26 11:04:52'),
(21, 18, 'PO-20260526-5298', 'new', 'pickup', '2026-06-25', '19:30:00', '1800.00', '2026-05-26 13:26:48');

-- --------------------------------------------------------

--
-- Структура таблицы `pre_order_items`
--

CREATE TABLE `pre_order_items` (
  `ID_item` int NOT NULL,
  `ID_pre_order` int NOT NULL,
  `Product_name` varchar(255) NOT NULL,
  `Quantity` int NOT NULL,
  `Price` decimal(10,2) NOT NULL
) ENGINE=InnoDB DEFAULT CHARSET=utf8mb4 COLLATE=utf8mb4_0900_ai_ci;

--
-- Дамп данных таблицы `pre_order_items`
--

INSERT INTO `pre_order_items` (`ID_item`, `ID_pre_order`, `Product_name`, `Quantity`, `Price`) VALUES
(11, 6, 'Гриль-чиз In the End', 1, '450.00'),
(12, 6, 'Пирог We will Rock YOU', 1, '580.00'),
(13, 6, 'Пирог Killer Queen', 1, '650.00'),
(14, 7, 'Пирог We will Rock YOU', 1, '580.00'),
(15, 7, 'Панна-котта Enjoy the Silence', 1, '420.00'),
(16, 7, 'Смузи Zombie', 1, '320.00'),
(20, 9, 'Гриль-чиз In the End', 1, '450.00'),
(21, 10, 'Пиццетта Back IN Black', 3, '690.00'),
(22, 11, 'Гриль-чиз In the End', 2, '450.00'),
(23, 11, 'Пирог We will Rock YOU', 2, '580.00'),
(24, 11, 'Сэндвич We are Champions', 2, '520.00'),
(25, 11, 'Пирог Killer Queen', 2, '650.00'),
(26, 12, 'Тарт Nothing Else Matters', 1, '600.00'),
(27, 12, 'Чизкейк Black Sabbath', 1, '200.00'),
(28, 12, 'Гляссе The Final Countdown', 1, '290.00'),
(29, 13, 'Раф Smoke on the water', 1, '350.00'),
(30, 13, 'Смузи Zombie', 1, '320.00'),
(31, 14, 'Пирог Killer Queen', 1, '650.00'),
(32, 14, 'Тарт Nothing Else Matters', 1, '600.00'),
(33, 14, 'Чизкейк Black Sabbath', 1, '200.00'),
(34, 15, 'Гриль-чиз In the End', 3, '450.00'),
(35, 15, 'Киш Yellow Submarine', 3, '390.00'),
(36, 16, 'Сэндвич We are Champions', 1, '520.00'),
(37, 16, 'Пирог Bohemian Rhapsody', 1, '420.00'),
(38, 16, 'Мохито Engel', 2, '280.00'),
(39, 16, 'Раф Smoke on the water', 1, '350.00'),
(40, 17, 'Пирог Killer Queen', 2, '650.00'),
(41, 18, 'Пирог We will Rock YOU', 2, '580.00'),
(42, 19, 'Гриль-чиз In the End', 1, '450.00'),
(43, 19, 'Пирог We will Rock YOU', 10, '580.00'),
(44, 20, 'Гриль-чиз In the End', 2, '450.00'),
(45, 20, 'Пирог Killer Queen', 1, '650.00'),
(47, 21, 'Гриль-чиз In the End', 4, '450.00');

-- --------------------------------------------------------

--
-- Структура таблицы `products`
--

CREATE TABLE `products` (
  `ID_product` int NOT NULL,
  `Name` varchar(255) CHARACTER SET utf8mb4 COLLATE utf8mb4_general_ci NOT NULL,
  `Description` text CHARACTER SET utf8mb4 COLLATE utf8mb4_general_ci,
  `Full_description` text CHARACTER SET utf8mb4 COLLATE utf8mb4_general_ci,
  `Price` decimal(10,2) NOT NULL,
  `Category` varchar(100) CHARACTER SET utf8mb4 COLLATE utf8mb4_general_ci NOT NULL,
  `Image` varchar(255) CHARACTER SET utf8mb4 COLLATE utf8mb4_general_ci DEFAULT NULL,
  `Ingredients` text CHARACTER SET utf8mb4 COLLATE utf8mb4_general_ci,
  `Weight` varchar(50) CHARACTER SET utf8mb4 COLLATE utf8mb4_general_ci DEFAULT NULL,
  `Status` enum('available','unavailable') CHARACTER SET utf8mb4 COLLATE utf8mb4_general_ci DEFAULT 'available',
  `Created_at` timestamp NOT NULL DEFAULT CURRENT_TIMESTAMP
) ENGINE=InnoDB DEFAULT CHARSET=utf8mb4 COLLATE=utf8mb4_general_ci;

--
-- Дамп данных таблицы `products`
--

INSERT INTO `products` (`ID_product`, `Name`, `Description`, `Full_description`, `Price`, `Category`, `Image`, `Ingredients`, `Weight`, `Status`, `Created_at`) VALUES
(1, 'Пирог Bohemian Rhapsody', 'Классический яблочный пирог с карамелью, украшенный свежим безе и ягодами.', 'Наш фирменный пирог, вдохновленный легендарной песней. Нежное слоеное тесто, карамелизированные яблоки, воздушное безе и свежие ягоды создают неповторимую симфонию вкуса.', '420.00', 'Десерты', 'bohemianrhapsody.jpeg', 'Яблоки, карамель, безе, ягоды, слоеное тесто', '180г', 'available', '2026-02-20 11:26:43'),
(2, 'Эклеры AC/DC\'s High Voltage', 'Заварные эклеры в ассортименте с неоновой глазурью снаружи и приятной ягодной начинкой', 'Яркие, как сцена AC/DC. Нежные заварные эклеры с ягодной начинкой и неоновой глазурью, которая светится под ультрафиолетом. Идеальны для рок-вечеринки!', '180.00', 'Десерты', 'AC_DC.png', 'Заварное тесто, ягодная начинка, глазурь', '150г', 'available', '2026-02-20 11:26:43'),
(3, 'Чизкейк Black Sabbath', 'Шоколадный чизкейк с вишнёвым соусом и свежими вишенками', 'Тяжелый, как металл, и нежный, как бархат. Плотная шоколадная основа, кремовая сырная начинка с какао, вишневый соус с кислинкой и свежие ягоды.', '200.00', 'Десерты', 'cheesecake_bsb.jpeg', 'Сливочный сыр, шоколад, вишня, яйца, сахар', '220г', 'available', '2026-02-20 11:26:43'),
(4, 'Кекс Nirvana\'s Heart', 'Влажный шоколадный кекс в форме сердца с жидкой малиновой «сердцевиной».', 'Подарите кусочек Nirvana своим близким. Нежный шоколадный кекс с жидкой малиновой начинкой внутри. Подается с малиновым кули и свежими ягодами.', '380.00', 'Десерты', 'nirvana_heart.jpeg', 'Шоколад, малина, мука, яйца, масло', '150г', 'available', '2026-02-20 11:26:43'),
(5, 'Тарт Nothing Else Matters', 'Шоколадный тарт с соленой карамелью и золотой пыльцой. Простота и совершенство.', 'Минимализм, доведенный до совершенства. Хрустящая песочная основа, шелковистый шоколадный ганаш, соленая карамель и финальный акцент — съедобная золотая пыльца.', '600.00', 'Десерты', 'nothing_else.jpeg', 'Шоколад, карамель, соль, мука, масло', '200г', 'available', '2026-02-20 11:26:43'),
(6, 'Профитроли November Rain', 'Заварные шарики, политые белым шоколадом и гранатовым соусом, словно под дождём.', 'Нежные заварные шарики с ванильным кремом, утопающие в белом шоколаде под гранатовым \"дождём\".', '490.00', 'Десерты', 'november-rain.jpeg', 'Заварное тесто, ванильный крем, белый шоколад, гранат', '250г', 'available', '2026-02-20 11:26:43'),
(7, 'Чизкейк Californication', 'Классический чизкейк с соусом из манго-маракуйи и кокосовой стружкой.', 'Солнечный, яркий, дерзкий — как сам Калифорнийский рок. Классическая сырная основа, тропический соус манго-маракуйя и кокосовая стружка.', '550.00', 'Десерты', 'californication.jpeg', 'Сливочный сыр, манго, маракуйя, кокос', '230г', 'available', '2026-02-20 11:26:43'),
(8, 'Панна-котта Enjoy the Silence', 'Идеально белая, ванильная панна-котта с хрустящей карамельной «тишиной» сверху.', 'Идеально белая, нежная, молчаливая... Пока не разобьешь карамельную корочку. Контраст текстур и вкусов.', '420.00', 'Десерты', 'panna-cotta.jpeg', 'Сливки, ваниль, карамель, желатин', '180г', 'available', '2026-02-20 11:26:43'),
(9, 'Пирог Killer Queen', 'Изысканный персиковый тарт с розмарином, подается с шариком розового мороженого.', 'Королевский десерт для настоящей королевы. Нежный персиковый тарт с ароматом розмарина, в компании с розовым мороженым.', '650.00', 'Десерты', 'killer-queen.jpeg', 'Персик, розмарин, мороженое, миндаль', '210г', 'available', '2026-02-20 11:26:43'),
(10, 'Сэндвич Teen Spirit', 'Горячий панини с курицей-гриль, моцареллой, шампиньонами и дымным соусом.', 'Энергия молодости в каждом укусе! Хрустящий панини, сочная курица-гриль, нежная моцарелла, шампиньоны и наш фирменный дымный соус.', '380.00', 'Выпечка', 'teen-spirit.jpeg', 'Панини, курица, моцарелла, шампиньоны, дымный соус', '280г', 'available', '2026-02-20 11:26:43'),
(11, 'Сэндвич We are Champions', 'Трёхэтажный классический клаб-сэндвич с индейкой, беконом, салатом и тройным соусом.', 'Чемпионский сэндвич для чемпионов! Три слоя тостов с индейкой, хрустящим беконом, свежим салатом и тройным соусом.', '520.00', 'Выпечка', 'we-are-champions.jpeg', 'Тост, индейка, бекон, салат, соусы', '350г', 'available', '2026-02-20 11:26:43'),
(12, 'Гриль-чиз In the End', 'Сырный сендвич с тремя видами сыра и трюфельным маслом на закваске.', 'В конце концов, главное — это сыр. Три вида расплавленного сыра на хрустящем хлебе, обжаренном на трюфельном масле.', '450.00', 'Выпечка', 'the-end.jpeg', 'Чеддер, моцарелла, пармезан, трюфельное масло', '240г', 'available', '2026-02-20 11:26:43'),
(13, 'Киш Yellow Submarine', 'Открытый пирог с яйцом, сыром и ярким миксом из кукурузы, сладкого перца и цукини.', 'Желтая подводная лодка спешит к вам с овощным миксом! Нежная заливка из яиц и сыра скрывает под собой яркие овощи.', '390.00', 'Выпечка', 'submarine.jpeg', 'Яйца, сыр, кукуруза, перец, цукини', '260г', 'available', '2026-02-20 11:26:43'),
(14, 'Пирог We will Rock YOU', 'Классический английский «стеклянный» пирог с хрустящим слоеным тестом.', 'Традиционный английский пирог, который точно вас раскачает! Сочная мясная начинка под хрустящей слоеной «крышкой».', '580.00', 'Выпечка', 'we-will-rock-you.jpeg', 'Говядина, слоеное тесто, овощи, специи', '320г', 'available', '2026-02-20 11:26:43'),
(15, 'Пиццетта Back IN Black', 'Маленькая пицца на тонком тесте с чернилами каракатицы, морепродуктами и страчателлой.', 'Загадочная черная пицца, вдохновленная альбомом AC/DC. Тонкое тесто с чернилами каракатицы, морепродукты, нежная страчателла.', '690.00', 'Выпечка', 'back-IN-black.jpeg', 'Тесто, чернила каракатицы, морепродукты, страчателла', '280г', 'available', '2026-02-20 11:26:43'),
(16, 'Латте Wind of Change', 'Нежный латте с сиропом из груши-конференц и щепоткой молотой корицы.', 'Ветер перемен приносит новые вкусы. Нежный латте с грушевым сиропом и корицей. Пейте и меняйтесь к лучшему!', '320.00', 'Напитки', 'wind-of-change.jpeg', 'Эспрессо, молоко, грушевый сироп, корица', '300мл', 'available', '2026-02-20 11:26:43'),
(17, 'Раф Smoke on the water', 'Ванильный раф со сливками. Главная изюминка — несколько капель копчёного сиропа.', 'Дым над водой в вашей чашке. Нежный раф с ароматом ванили и легкой ноткой копчения.', '350.00', 'Напитки', 'smoke-on-the-water.jpeg', 'Эспрессо, сливки, ваниль, копченый сироп', '300мл', 'available', '2026-02-20 11:26:43'),
(18, 'Гляссе The Final Countdown', 'Холодный кофе гляссе на основе двойного эспрессо с карамельным топпингом и взбитыми сливками.', 'Финальный отсчет начинается! Освежающий холодный кофе с карамелью и шапкой взбитых сливок.', '290.00', 'Напитки', 'the-final-countdown.jpeg', 'Эспрессо, карамель, сливки, молоко', '250мл', 'available', '2026-02-20 11:26:43'),
(19, 'Лимонад Беспечный ангел', 'Бруснично-клюквенный морс, разбавленный газированной водой и хвойным сиропом.', 'Легкий, как полет ангела. Освежающий лимонад с кислинкой брусники и клюквы, с необычным хвойным послевкусием.', '250.00', 'Напитки', 'bespechny_angel.jpeg', 'Брусника, клюква, хвойный сироп, газировка', '400мл', 'available', '2026-02-20 11:26:43'),
(20, 'Мохито Engel', 'Классический мохито с добавлением сиропа бузины и серебряной пыльцой.', 'Ангельски чистый вкус классического мохито с цветочными нотками бузины и мерцающей серебряной пыльцой.', '280.00', 'Напитки', 'mojito.jpeg', 'Лайм, мята, бузина, спрайт, серебряная пыльца', '400мл', 'available', '2026-02-20 11:26:43'),
(21, 'Смузи Zombie', 'Ярко-зеленый смузи из киви, шпината, банана и лайма с добавлением энергетика.', 'Напиток, который поднимет даже мертвого! Освежающий зеленый смузи с бодрящим эффектом.', '320.00', 'Напитки', 'zombie.jpeg', 'Киви, шпинат, банан, лайм, энергетик', '350мл', 'available', '2026-02-20 11:26:43');

-- --------------------------------------------------------

--
-- Структура таблицы `restaurant_tables`
--

CREATE TABLE `restaurant_tables` (
  `ID_table` int NOT NULL,
  `table_number` int NOT NULL,
  `seats` int DEFAULT '2'
) ENGINE=InnoDB DEFAULT CHARSET=utf8mb4 COLLATE=utf8mb4_0900_ai_ci;

--
-- Дамп данных таблицы `restaurant_tables`
--

INSERT INTO `restaurant_tables` (`ID_table`, `table_number`, `seats`) VALUES
(1, 1, 5),
(2, 2, 6),
(3, 3, 4),
(4, 4, 6),
(5, 5, 5),
(6, 6, 5),
(7, 7, 4),
(8, 8, 4),
(9, 9, 5),
(10, 10, 1),
(11, 11, 1),
(12, 12, 1),
(13, 13, 1),
(14, 14, 1),
(15, 15, 1),
(16, 16, 1),
(17, 17, 1),
(18, 18, 1),
(19, 19, 1);

-- --------------------------------------------------------

--
-- Структура таблицы `rock_quotes`
--

CREATE TABLE `rock_quotes` (
  `id` int NOT NULL,
  `quote` text COLLATE utf8mb4_general_ci NOT NULL,
  `author` varchar(255) COLLATE utf8mb4_general_ci NOT NULL,
  `band` varchar(255) COLLATE utf8mb4_general_ci NOT NULL,
  `is_active` tinyint(1) DEFAULT '1',
  `created_at` timestamp NOT NULL DEFAULT CURRENT_TIMESTAMP
) ENGINE=InnoDB DEFAULT CHARSET=utf8mb4 COLLATE=utf8mb4_general_ci;

--
-- Дамп данных таблицы `rock_quotes`
--

INSERT INTO `rock_quotes` (`id`, `quote`, `author`, `band`, `is_active`, `created_at`) VALUES
(1, 'Ошибки — неотъемлемая часть игры. Но умение исправлять их является признаком хорошего игрока.', 'Элис Купер', 'Alice Cooper', 1, '2026-05-21 07:51:08'),
(2, 'Никаких концепций – только собственные впечатления, эмоции и опыт – вот что такое рок!', 'Иэн Гиллан', 'Deep Purple', 1, '2026-05-21 07:51:08'),
(3, 'Худший мой недостаток? То, что я не предвижу будущее!', 'Ларс Ульрих', 'Metallica', 1, '2026-05-21 07:51:08'),
(4, 'Я никогда никого не осуждаю. Моя любимая индийская пословица: «Не суди другого, пока не прошел в его мокасинах две мили».', 'Эрик Адамс', 'Manowar', 1, '2026-05-21 07:51:08'),
(5, 'В современном мире очень тяжело поверить в свет в конце тоннеля. Слава богу, у нас есть старый добрый рок!', 'Ябс Маттиас', 'Scorpions', 1, '2026-05-21 07:51:08'),
(6, 'Жизнь – это путешествие, а не пункт назначения.', 'Стивен Тайлер', 'Aerosmith', 1, '2026-05-21 07:51:08'),
(7, 'Чем больше мы работаем, чем больше выступаем – тем больше у нас появляется идей для новых песен и рифов. Кажется, это не закончится никогда… Рок-н-ролл будет жить вечно!', 'Бонн Скотт', 'AC/DC', 1, '2026-05-21 07:51:08'),
(8, 'Не обязательно верить в себя, но абсолютно обязательно верить в то, что ты делаешь!', 'Джимми Пэйдж', 'Led Zeppelin', 1, '2026-05-21 07:51:08'),
(9, 'Кто-то говорил мне недавно – умирать тяжело и страшно. Вранье! Умирать – это легко. Вот что действительно трудно – так это жить.', 'Джеймс Хэтфилд', 'Metallica', 1, '2026-05-21 07:51:08'),
(10, 'Деньги не купят вам счастья, но они чертовски быстро принесут вам его!', 'Фредди Меркьюри', 'Queen', 1, '2026-05-21 07:51:08'),
(11, 'Мать говорила что в детстве я мечтал стать врачом… Не знаю, сколько себя помню, всегда хотел стать рокером.', 'Брайан Мэй', 'Queen', 1, '2026-05-21 07:51:08'),
(12, 'Лучше быть угрюмым мечтателем, чем безмозглым тусовщиком', 'Курт Кобейн', 'Nirvana', 1, '2026-05-21 07:51:08'),
(13, 'Нам говорили: \"Вы играете музыку дьявола\". - Мы отвечали: \"Но это же до сих пор музыка\"', 'Тони Айоми', 'Black Sabbath', 1, '2026-05-21 07:51:08'),
(14, 'Какую цель преследует рок? Никакой. Если ты хочешь подорвать свой мозг и поделится этим с другими - ты играешь рок', 'Роджер Вотерс', 'Pink Floyd', 1, '2026-05-21 07:51:08'),
(15, 'Мир - это праздничный пирог. Возьмите себе кусок, но не ешьте целиком, а то желудок не выдержит', 'Джордж Харрисон', 'The Beatles', 1, '2026-05-21 07:51:08'),
(16, 'Завтрашний день принадлежит тем, кто чувствует его наступление', 'Дэвид Боуи', 'Tin Machine', 1, '2026-05-21 07:51:08'),
(17, 'Жить трудно. Очень важно все время что-то делать, иначе я просто сойду с ума. Именно поэтому мне и удаются песни', 'Долорес О’Риордан', 'The Cranberries', 1, '2026-05-21 07:51:08'),
(18, 'Я считаю, что лучший способ узнать что-то — сделать это по максимуму.', 'Брюс Дикинсон', 'Iron Maiden', 1, '2026-05-21 07:51:08'),
(19, 'Мы все живем на этой планете, и вам не удастся изменить мнение каждого.', 'Джин Симмонс', 'Kiss', 1, '2026-05-21 07:51:08'),
(20, 'Раньше меня расстраивало, что люди меня не понимают, но теперь я сделал из этого карьеру', 'Оззи Осборн', 'Black Sabbath', 1, '2026-05-21 07:51:08'),
(21, 'Никто не ждет, что из-под него выдернут ковер; события, меняющие жизнь, обычно не дают о себе знать.', 'Сол Хадсон (Слэш)', 'Guns\'n\'Roses', 1, '2026-05-21 07:51:08'),
(22, 'В любом случае мы всегда делаем то, что прежде всего нравится нам.', 'Виктор Цой', 'Кино', 1, '2026-05-21 07:51:08'),
(24, '----', '----', '----', 1, '2026-05-26 11:07:11');

-- --------------------------------------------------------

--
-- Структура таблицы `users`
--

CREATE TABLE `users` (
  `ID_User` int NOT NULL,
  `Name` varchar(100) CHARACTER SET utf8mb4 COLLATE utf8mb4_general_ci NOT NULL,
  `Surname` varchar(100) CHARACTER SET utf8mb4 COLLATE utf8mb4_general_ci NOT NULL,
  `Email` varchar(80) CHARACTER SET utf8mb4 COLLATE utf8mb4_general_ci NOT NULL,
  `Phone` varchar(100) CHARACTER SET utf8mb4 COLLATE utf8mb4_general_ci NOT NULL,
  `Password` varchar(255) CHARACTER SET utf8mb4 COLLATE utf8mb4_general_ci NOT NULL,
  `Role` enum('admin','user','reader') COLLATE utf8mb4_general_ci DEFAULT 'user',
  `is_verified` tinyint(1) NOT NULL DEFAULT '0',
  `verification_token` varchar(255) COLLATE utf8mb4_general_ci DEFAULT NULL
) ENGINE=InnoDB DEFAULT CHARSET=utf8mb4 COLLATE=utf8mb4_general_ci;

--
-- Дамп данных таблицы `users`
--

INSERT INTO `users` (`ID_User`, `Name`, `Surname`, `Email`, `Phone`, `Password`, `Role`, `is_verified`, `verification_token`) VALUES
(2, 'Анна-Мария', 'Рейнсберг', 'rain@mail.ru', '+7 (906) 578-94-47', 'rain123', 'reader', 1, NULL),
(6, 'Мадина', 'довутиева', 'madinadovutieva@gmail.com', '+7 (977) 361-49-11', '123321', 'user', 1, NULL),
(8, 'Татьяна', 'Иванова', 'ivanova@mail.ru', '+7 (906) 796-87-74', '$2y$10$LjGTCSQdwi3hjqEbAgFKqOKR/wabU69Gxz82hjeURQSYzXL2AjUEG', 'user', 1, NULL),
(9, 'Татьяна', 'Беликова', 'admin@mail.ru', '+7 (906) 796-81-71', '$2y$10$Xok3DcVFUJhEpAcVnX.1TuZIXbTjqK6TCi7jgruUOR6rr0.M1bTUq', 'admin', 1, NULL),
(10, 'Маргарита', 'Симоньян', 'simonian-rita@bk.ru', '+7 (906) 784-77-11', '$2y$10$qLfhTKBMRGchu8ln4mIGm.F0tmrse4dkwptrqugDvozHLRnrxHvxO', 'user', 1, NULL),
(11, 'Василий', 'Беликов', 'v-belikov@mail.ru', '+7 (903) 275-21-34', '$2y$10$ku84eTp/DQAkZLEm8/TPkO5zm9VL.77cq7XeTztNujtrUr65xB7Me', 'user', 1, NULL),
(12, 'Мадина', 'Довутиева', 'madinadovutieva01@gmail.com', '+7 (977) 361-49-11', '$2y$10$Gp8Pa430Gqm6AEeNZUQ.0u7EY6DZQkxCmHA2PsoGyA8VRP7cHjzpW', 'user', 1, NULL),
(13, 'Дарина', 'Турбина', 'turbina2001@yandex.ru', '+7 (977) 855-74-45', '$2y$10$qV5J3bid3iF3fzoODesghOs4gGY6dhrmnyrkSeB0A31TvtSI2AUpS', 'user', 1, NULL),
(14, 'Анна', 'Иванова', 'ivanovaann@mail.ru', '+7 (900) 788-74-85', '$2y$10$qbQFc7H0zKrklILqZi.3Z.PdekfTTAJz3D29JA3s5nUmbzA220aG2', 'user', 1, NULL),
(15, 'Виктория', 'Карасёва', 'karas1981@mail.ru', '+7 (900) 800-35-63', '$2y$10$ruzKnc5t/AECnSQMza38s.01Eb84cXbsu7KjdAtZnUgzFH5oOIrrW', 'user', 1, NULL),
(16, 'Зинаида', 'Карельская', 'karelskaya2001@mail.ru', '+7 (800) 333-95-74', '$2y$10$F2AnGV/sugEN7Xlkeeo3UOMehuKTH2/Cw212tq4UKE/KIAcS1gXsW', 'user', 1, NULL),
(17, 'Ирина', 'Рудова', 'rudovaya@mail.ru', '+7 (906) 449-04-04', '$2y$10$bweirHEfuWAas.5UKMxeL.PGUQm0xFlUA4pLCjAe0IKRP/nPdqzWS', 'user', 1, NULL),
(18, 'Василий', 'Иванов', 'ivanovv@mail.ru', '+7 (903) 624-74-48', '$2y$10$jpBe61TYu9O10K6c0fMyf.ncM4Yuf/IwEW5Bp6ii83BoNXWWqJk3a', 'user', 1, NULL),
(25, 'Тест', 'Тестов', 'test_1779484465@test.ru', '+79123456789', '$2y$10$/lrVfQQQ2cJjYwNboz5xmufo77vzQITkHZK9frG.gBDYDgDktSpwu', 'user', 1, NULL),
(26, 'Татьяна', 'Беликова', 'tanya.v.belikova@gmail.com', '+7 (906) 796-81-71', '$2y$10$MxSD.1Xkcw7eZFSHK7T7e.YR5ZkGt5BMv6Pt/oaM0n0taCTbnAP12', 'user', 1, NULL),
(47, 'Татьяна', 'Беликова', 'belikovaat@yandex.ru', '+7 (906) 796-81-71', '$2y$10$qgNTjbL8GZYgRNSBDFEulOYAMGRAy00npeSWWcduUM/7wNkFlWiIq', 'user', 1, NULL),
(48, 'тата', 'беликовская', 'belikovsksya@mail.ru', '+7 (905) 774-85-96', '$2y$10$PV00OK7crS3sqdJ.DYtasOsjcFbb/dO6KCPn1QAW1DGRxHkupfdka', 'user', 0, '5b55854eb331e7e33a18b1a92e825c51515408a809c51927073029a496aaff55');

--
-- Индексы сохранённых таблиц
--

--
-- Индексы таблицы `booking`
--
ALTER TABLE `booking`
  ADD PRIMARY KEY (`ID_booking`),
  ADD KEY `booking_ibfk_1` (`ID_user`),
  ADD KEY `ID_table` (`ID_table`);

--
-- Индексы таблицы `email_verifications`
--
ALTER TABLE `email_verifications`
  ADD PRIMARY KEY (`id`),
  ADD KEY `email` (`email`),
  ADD KEY `token` (`token`);

--
-- Индексы таблицы `feedback`
--
ALTER TABLE `feedback`
  ADD PRIMARY KEY (`id`);

--
-- Индексы таблицы `limited_vinyl`
--
ALTER TABLE `limited_vinyl`
  ADD PRIMARY KEY (`id`);

--
-- Индексы таблицы `pre_orders`
--
ALTER TABLE `pre_orders`
  ADD PRIMARY KEY (`ID_pre_order`),
  ADD KEY `ID_user` (`ID_user`);

--
-- Индексы таблицы `pre_order_items`
--
ALTER TABLE `pre_order_items`
  ADD PRIMARY KEY (`ID_item`),
  ADD KEY `ID_pre_order` (`ID_pre_order`);

--
-- Индексы таблицы `products`
--
ALTER TABLE `products`
  ADD PRIMARY KEY (`ID_product`);

--
-- Индексы таблицы `restaurant_tables`
--
ALTER TABLE `restaurant_tables`
  ADD PRIMARY KEY (`ID_table`);

--
-- Индексы таблицы `rock_quotes`
--
ALTER TABLE `rock_quotes`
  ADD PRIMARY KEY (`id`);

--
-- Индексы таблицы `users`
--
ALTER TABLE `users`
  ADD PRIMARY KEY (`ID_User`);

--
-- AUTO_INCREMENT для сохранённых таблиц
--

--
-- AUTO_INCREMENT для таблицы `booking`
--
ALTER TABLE `booking`
  MODIFY `ID_booking` int NOT NULL AUTO_INCREMENT, AUTO_INCREMENT=97;

--
-- AUTO_INCREMENT для таблицы `email_verifications`
--
ALTER TABLE `email_verifications`
  MODIFY `id` int NOT NULL AUTO_INCREMENT, AUTO_INCREMENT=28;

--
-- AUTO_INCREMENT для таблицы `feedback`
--
ALTER TABLE `feedback`
  MODIFY `id` int NOT NULL AUTO_INCREMENT, AUTO_INCREMENT=114;

--
-- AUTO_INCREMENT для таблицы `limited_vinyl`
--
ALTER TABLE `limited_vinyl`
  MODIFY `id` int NOT NULL AUTO_INCREMENT, AUTO_INCREMENT=4;

--
-- AUTO_INCREMENT для таблицы `pre_orders`
--
ALTER TABLE `pre_orders`
  MODIFY `ID_pre_order` int NOT NULL AUTO_INCREMENT, AUTO_INCREMENT=22;

--
-- AUTO_INCREMENT для таблицы `pre_order_items`
--
ALTER TABLE `pre_order_items`
  MODIFY `ID_item` int NOT NULL AUTO_INCREMENT, AUTO_INCREMENT=48;

--
-- AUTO_INCREMENT для таблицы `products`
--
ALTER TABLE `products`
  MODIFY `ID_product` int NOT NULL AUTO_INCREMENT, AUTO_INCREMENT=24;

--
-- AUTO_INCREMENT для таблицы `restaurant_tables`
--
ALTER TABLE `restaurant_tables`
  MODIFY `ID_table` int NOT NULL AUTO_INCREMENT, AUTO_INCREMENT=20;

--
-- AUTO_INCREMENT для таблицы `rock_quotes`
--
ALTER TABLE `rock_quotes`
  MODIFY `id` int NOT NULL AUTO_INCREMENT, AUTO_INCREMENT=25;

--
-- AUTO_INCREMENT для таблицы `users`
--
ALTER TABLE `users`
  MODIFY `ID_User` int NOT NULL AUTO_INCREMENT, AUTO_INCREMENT=49;

--
-- Ограничения внешнего ключа сохраненных таблиц
--

--
-- Ограничения внешнего ключа таблицы `booking`
--
ALTER TABLE `booking`
  ADD CONSTRAINT `booking_ibfk_1` FOREIGN KEY (`ID_user`) REFERENCES `users` (`ID_User`) ON DELETE SET NULL ON UPDATE CASCADE,
  ADD CONSTRAINT `booking_ibfk_2` FOREIGN KEY (`ID_table`) REFERENCES `restaurant_tables` (`ID_table`);

--
-- Ограничения внешнего ключа таблицы `pre_orders`
--
ALTER TABLE `pre_orders`
  ADD CONSTRAINT `pre_orders_ibfk_1` FOREIGN KEY (`ID_user`) REFERENCES `users` (`ID_User`);

--
-- Ограничения внешнего ключа таблицы `pre_order_items`
--
ALTER TABLE `pre_order_items`
  ADD CONSTRAINT `pre_order_items_ibfk_1` FOREIGN KEY (`ID_pre_order`) REFERENCES `pre_orders` (`ID_pre_order`) ON DELETE CASCADE;
COMMIT;

/*!40101 SET CHARACTER_SET_CLIENT=@OLD_CHARACTER_SET_CLIENT */;
/*!40101 SET CHARACTER_SET_RESULTS=@OLD_CHARACTER_SET_RESULTS */;
/*!40101 SET COLLATION_CONNECTION=@OLD_COLLATION_CONNECTION */;
